chain_id,max_depth,total_nodes
194801,261,261
232082,247,257
205866,247,283
220570,237,248
194337,237,248
205331,172,172
218390,164,164
192130,164,164
191228,155,155
217476,148,148
204015,138,138
230258,131,131
254792,118,203
221054,105,105
217707,95,95
191458,94,94
253529,89,89
180946,84,187
248683,74,74
162913,71,71
231585,68,68
223643,62,94
197411,62,94
218963,61,154
192506,61,154
248361,56,96
226681,53,54
200442,53,54
179306,48,52
170479,44,44
218664,43,43
192421,43,43
171465,43,53
221157,42,42
218283,42,42
192029,42,42
250950,41,41
249631,41,41
228475,40,40
202217,40,40
194925,38,38
169990,38,40
210911,36,94
214988,35,35
188723,35,35
253335,34,41
170682,34,39
224974,32,49
198723,32,49
181205,31,31
194805,30,30
180210,30,44
236610,29,32
224280,29,56
198042,29,56
253391,27,27
245946,27,30
233221,25,26
230196,25,25
223149,25,25
218338,25,25
203983,25,25
196919,25,25
192089,25,25
168974,25,31
167260,25,25
163861,25,25
261707,24,24
252400,24,24
247447,24,24
224562,24,24
222048,24,24
215712,24,24
195644,24,26
189433,24,24
172803,24,24
249672,23,23
221877,23,25
216190,23,23
198325,23,23
251010,22,22
189925,22,22
162858,22,22
162821,22,22
253636,21,21
180639,21,21
225076,20,20
211879,20,20
210444,20,52
198810,20,20
185617,20,20
223610,18,18
217454,18,28
197374,18,18
169006,18,18
164577,18,18
235285,17,17
230672,17,17
209093,17,17
204458,17,17
170720,17,17
163547,17,34
258556,16,20
247868,16,16
233227,16,16
216384,16,16
207026,16,16
190879,16,25
190139,16,16
171235,16,16
170197,16,24
258015,15,15
254327,15,15
247482,15,42
245017,15,15
228050,15,15
221515,15,15
201823,15,15
195263,15,15
184874,15,15
172828,15,15
167330,15,15
165228,15,17
246760,14,14
245228,14,73
235560,14,16
180482,14,26
180180,14,14
172208,14,14
260951,13,13
251704,13,13
249677,13,14
248166,13,13
235416,13,42
230268,13,13
225888,13,13
222170,13,18
212794,13,18
209216,13,42
204058,13,13
186546,13,18
178431,13,13
176298,13,13
175582,13,13
175050,13,13
173961,13,13
170065,13,14
166766,13,13
164760,13,13
253261,12,24
252622,12,23
249185,12,12
247541,12,12
245787,12,12
244278,12,12
237867,12,14
232897,12,12
231256,12,21
229347,12,12
226157,12,12
218545,12,12
211139,12,12
206704,12,12
205047,12,21
204334,12,12
199922,12,12
192289,12,12
183162,12,12
176598,12,12
174054,12,12
171682,12,12
170320,12,12
164727,12,12
162811,12,13
257533,11,11
247575,11,11
239920,11,11
238161,11,11
235652,11,11
233455,11,11
230546,11,11
224367,11,11
221958,11,11
221251,11,11
216978,11,11
216161,11,11
209400,11,11
207257,11,11
195722,11,11
192984,11,11
190716,11,11
189888,11,11
177702,11,11
176263,11,11
175852,11,11
170381,11,11
169643,11,21
264025,10,10
257418,10,10
252942,10,10
248670,10,10
248156,10,10
239692,10,10
238151,10,10
233695,10,16
232758,10,10
231545,10,10
231482,10,10
230326,10,10
230314,10,10
228636,10,10
226352,10,10
226064,10,10
219197,10,13
216822,10,10
207501,10,16
206570,10,10
205273,10,10
204123,10,10
204113,10,10
202417,10,10
200119,10,10
199841,10,10
192953,10,13
190546,10,10
182244,10,27
179737,10,10
177294,10,10
176749,10,16
175754,10,10
174750,10,14
173395,10,10
172291,10,13
171541,10,10
167775,10,10
167681,10,10
166477,10,10
263850,9,9
263173,9,9
254046,9,23
250362,9,9
248143,9,9
246087,9,9
243898,9,12
243269,9,14
240803,9,9
240707,9,9
240199,9,9
238025,9,9
237675,9,13
234326,9,10
232772,9,9
231752,9,10
230504,9,9
227213,9,9
227207,9,9
227195,9,9
225601,9,12
221256,9,9
219910,9,9
216349,9,9
210468,9,19
208131,9,10
206584,9,9
205267,9,10
204291,9,9
201002,9,9
200977,9,9
200966,9,9
199368,9,12
193659,9,9
179893,9,9
177818,9,9
177465,9,15
175842,9,9
174009,9,9
173626,9,9
172364,9,11
172133,9,9
165770,9,9
165640,9,9
163151,9,9
263571,8,8
255340,8,11
254904,8,8
254782,8,8
251536,8,8
251009,8,8
246641,8,8
246382,8,8
245447,8,8
245191,8,8
242223,8,8
239364,8,8
238364,8,8
238217,8,11
237609,8,8
237361,8,14
234440,8,8
234413,8,8
232473,8,9
231580,8,8
231344,8,8
230664,8,8
229177,8,17
229050,8,8
227166,8,8
227146,8,8
227138,8,8
227123,8,8
227011,8,8
225772,8,10
224836,8,8
222891,8,8
222887,8,8
222586,8,8
222197,8,8
221824,8,8
221284,8,8
221271,8,8
221250,8,8
220056,8,8
219944,8,9
219690,8,8
219231,8,8
217693,8,8
216648,8,8
216506,8,9
215897,8,8
215768,8,11
214261,8,8
213674,8,8
208214,8,8
208191,8,8
206282,8,9
205134,8,8
204459,8,8
202963,8,17
202845,8,8
200925,8,8
200916,8,8
200904,8,8
200895,8,8
199549,8,10
198590,8,8
196671,8,8
196663,8,8
196338,8,8
195956,8,8
195589,8,8
193804,8,8
193695,8,9
190390,8,8
190254,8,9
189618,8,8
189488,8,11
188003,8,8
187420,8,8
175426,8,8
175372,8,8
172270,8,8
170938,8,12
169725,8,8
168332,8,8
166641,8,8
165146,8,9
164613,8,8
163160,8,8
162899,8,8
263328,7,33
261699,7,7
260434,7,7
259714,7,7
256837,7,13
256071,7,7
255818,7,11
254855,7,7
253090,7,21
251824,7,15
251804,7,14
250921,7,7
250620,7,7
250104,7,7
249461,7,7
247892,7,9
246370,7,7
245954,7,7
245647,7,7
245019,7,9
244706,7,7
244694,7,7
244236,7,10
243510,7,7
242102,7,7
240490,7,7
240345,7,7
237829,7,7
237586,7,7
236643,7,7
235352,7,7
235336,7,7
235316,7,7
235255,7,7
234836,7,7
234754,7,7
234545,7,7
234389,7,8
233751,7,9
233746,7,9
233733,7,9
233316,7,8
232835,7,7
232514,7,10
232349,7,12
232152,7,7
231936,7,7
231568,7,7
231466,7,7
230493,7,7
230244,7,7
229801,7,7
229321,7,7
229100,7,7
229077,7,7
228630,7,7
228165,7,7
226367,7,7
225905,7,7
224785,7,7
224773,7,7
224124,7,7
223719,7,7
223592,7,7
222873,7,7
222158,7,7
221784,7,7
221639,7,7
221539,7,7
220425,7,7
219275,7,7
219209,7,7
217295,7,7
216830,7,7
216706,7,7
215577,7,7
214675,7,7
214227,7,7
213633,7,7
213430,7,8
212074,7,7
211379,7,7
210921,7,7
210526,7,15
209155,7,7
209143,7,7
209119,7,7
209063,7,7
208643,7,7
208583,7,7
208558,7,7
208346,7,7
208152,7,8
207561,7,9
207552,7,9
207543,7,9
207113,7,8
206639,7,7
206312,7,10
206151,7,12
205952,7,7
205165,7,7
204280,7,7
203582,7,7
203101,7,7
202873,7,7
202861,7,7
202410,7,7
201942,7,7
200135,7,7
198548,7,7
198539,7,7
197877,7,7
197482,7,7
197360,7,7
196652,7,7
195556,7,7
195390,7,7
195288,7,7
194162,7,7
193022,7,7
192966,7,7
191057,7,7
190564,7,7
190455,7,7
189326,7,7
188413,7,7
187962,7,7
187382,7,7
187184,7,8
185816,7,7
185139,7,7
184646,7,7
184251,7,7
183072,7,7
182186,7,7
180235,7,7
179942,7,7
179495,7,7
177508,7,7
177495,7,7
177110,7,7
176432,7,8
175814,7,7
175740,7,7
175544,7,7
174833,7,7
174736,7,7
174690,7,10
174135,7,10
174101,7,7
173583,7,8
173114,7,7
173003,7,7
172323,7,8
171614,7,7
171558,7,7
171526,7,7
171511,7,7
171389,7,7
171008,7,7
170913,7,7
170711,7,7
169948,7,7
169335,7,11
169297,7,8
168778,7,7
168594,7,7
168461,7,7
168177,7,7
167391,7,7
166343,7,7
166065,7,7
165843,7,7
165833,7,7
165730,7,7
165439,7,7
164541,7,7
163139,7,84
263125,6,6
259404,6,6
258409,6,6
257521,6,6
256705,6,6
256639,6,6
256577,6,6
255909,6,6
255444,6,6
255415,6,6
254656,6,6
254643,6,6
253566,6,6
253232,6,6
253165,6,7
251974,6,6
251187,6,9
250809,6,6
250719,6,14
250464,6,6
250025,6,6
249882,6,6
249453,6,7
248969,6,13
248923,6,6
248905,6,6
248664,6,14
248131,6,6
248096,6,6
246710,6,6
245601,6,6
245594,6,6
244801,6,13
242675,6,6
242615,6,6
242034,6,6
241661,6,6
240789,6,6
240778,6,6
240479,6,6
239867,6,6
239503,6,6
239170,6,6
237899,6,6
237227,6,6
236577,6,6
236016,6,6
234781,6,6
234154,6,6
233735,6,6
233682,6,6
233474,6,6
232965,6,8
232722,6,6
232653,6,6
232501,6,6
232475,6,6
232142,6,9
231541,6,6
231534,6,6
229070,6,7
229029,6,6
227249,6,6
227230,6,6
227223,6,6
227216,6,6
227188,6,6
227158,6,6
227085,6,37
226726,6,7
226675,6,6
226247,6,6
226209,6,6
226202,6,6
226034,6,6
226011,6,6
225795,6,6
225460,6,6
225125,6,12
224749,6,6
224394,6,6
224039,6,7
223298,6,6
223158,6,6
222580,6,6
222211,6,12
221988,6,6
221693,6,7
221624,6,6
221334,6,6
221319,6,6
221311,6,6
221269,6,6
221080,6,6
219977,6,7
219915,6,6
219815,6,9
218269,6,6
217215,6,6
214488,6,6
214221,6,6
213244,6,6
212781,6,9
212726,6,6
212570,6,6
211984,6,28
211764,6,6
211744,6,7
211218,6,12
210592,6,7
209820,6,6
207976,6,6
207530,6,6
207488,6,6
207273,6,6
206770,6,8
206536,6,6
206465,6,6
206291,6,6
206268,6,6
205942,6,9
202854,6,7
202818,6,6
201029,6,6
201012,6,6
200996,6,6
200990,6,6
200953,6,6
200933,6,6
200853,6,37
200493,6,7
200437,6,6
200016,6,6
199971,6,6
199963,6,6
199811,6,6
199747,6,6
199567,6,6
199224,6,6
198878,6,12
198510,6,6
198098,6,6
197800,6,7
197064,6,6
196921,6,6
195974,6,12
195439,6,7
195380,6,6
194823,6,6
193730,6,7
193668,6,6
193570,6,9
192007,6,6
190966,6,6
188207,6,6
187952,6,6
187011,6,6
186506,6,9
186494,6,6
186318,6,6
185730,6,28
185499,6,6
185477,6,7
184951,6,12
183895,6,6
183068,6,6
181207,6,6
179872,6,7
179010,6,6
178457,6,7
177717,6,6
177389,6,6
177316,6,6
175807,6,6
175765,6,6
172350,6,6
172162,6,7
172152,6,6
171979,6,6
171882,6,9
171843,6,12
171144,6,6
170954,6,6
170344,6,6
170337,6,6
170236,6,6
169884,6,6
169860,6,6
169406,6,6
169400,6,6
169355,6,6
169277,6,6
168376,6,6
168246,6,6
168087,6,6
167848,6,6
167696,6,6
167666,6,6
166834,6,6
166785,6,6
166131,6,7
166094,6,6
165747,6,6
165628,6,8
165611,6,6
165566,6,6
165455,6,6
165344,6,6
165090,6,6
164956,6,6
164905,6,6
164662,6,6
164524,6,6
164518,6,6
164428,6,6
163523,6,6
163039,6,10
162883,6,6
162850,6,6
263806,5,5
263698,5,5
263636,5,6
263373,5,5
263368,5,5
261855,5,6
261822,5,5
261597,5,5
261390,5,5
261310,5,5
260892,5,5
260634,5,5
260381,5,5
260323,5,15
259914,5,5
258809,5,5
258746,5,5
258582,5,6
256994,5,5
256970,5,5
256897,5,8
255563,5,5
255502,5,5
254957,5,8
254856,5,5
252974,5,5
252887,5,5
252592,5,5
252559,5,5
252176,5,5
251404,5,7
251203,5,7
250816,5,5
250517,5,5
250488,5,5
249876,5,5
249869,5,5
249760,5,5
249508,5,6
249438,5,5
249394,5,5
248833,5,5
248180,5,5
247911,5,5
247899,5,5
247861,5,5
247483,5,5
247474,5,5
246592,5,5
246147,5,5
246038,5,5
244722,5,5
244506,5,5
242961,5,5
242500,5,5
241611,5,5
241432,5,5
241280,5,5
241088,5,5
241044,5,5
240700,5,5
240543,5,5
240222,5,5
239931,5,5
239702,5,5
239444,5,5
239058,5,5
238935,5,5
238565,5,5
237861,5,8
237813,5,5
237778,5,5
237621,5,5
237343,5,5
237103,5,5
237073,5,5
237062,5,5
236861,5,5
236806,5,5
236787,5,5
236691,5,13
236649,5,5
236283,5,5
235641,5,5
235531,5,15
235380,5,5
235118,5,5
235107,5,5
235066,5,5
234580,5,7
234267,5,5
234259,5,5
233995,5,5
232944,5,5
232813,5,5
232440,5,18
232339,5,6
232299,5,5
231902,5,5
231562,5,5
231560,5,5
231558,5,5
231423,5,5
230513,5,5
230171,5,5
230136,5,5
229956,5,5
229941,5,5
229929,5,5
229363,5,16
227424,5,5
227390,5,5
227331,5,5
227046,5,5
226963,5,17
226670,5,5
226335,5,5
226130,5,5
226113,5,5
226083,5,5
226043,5,5
225819,5,5
225642,5,5
225584,5,5
225574,5,5
225352,5,5
225173,5,7
223988,5,5
223173,5,7
222829,5,5
222700,5,5
222459,5,7
221943,5,5
221320,5,5
221308,5,5
221306,5,5
221283,5,5
221275,5,5
221075,5,5
219970,5,5
219746,5,5
219676,5,5
219242,5,5
218277,5,5
218030,5,8
217207,5,13
216842,5,5
216017,5,5
215873,5,10
215570,5,5
215563,5,5
214455,5,5
214327,5,5
213262,5,5
212156,5,5
211098,5,8
211043,5,5
210974,5,5
210924,5,7
210908,5,5
210093,5,5
209440,5,5
209334,5,15
209185,5,5
208934,5,5
208909,5,5
208865,5,5
208382,5,7
208074,5,5
208066,5,5
207801,5,5
206744,5,5
206329,5,5
206233,5,18
206131,5,6
205216,5,5
204300,5,5
203958,5,5
203740,5,5
203736,5,5
203719,5,5
203134,5,16
201172,5,5
201119,5,5
200812,5,5
200721,5,17
200106,5,5
199899,5,5
199881,5,5
199860,5,5
199824,5,5
199600,5,5
199408,5,5
199344,5,5
198919,5,7
197751,5,5
196944,5,7
196610,5,5
196473,5,5
196348,5,5
196215,5,7
195709,5,5
194825,5,5
193721,5,5
192995,5,5
192022,5,5
191762,5,8
190952,5,13
190575,5,5
189763,5,5
189596,5,10
188069,5,5
187029,5,5
185900,5,5
184831,5,8
184767,5,5
184708,5,5
184639,5,5
184636,5,7
184299,5,5
183877,5,5
182819,5,5
181598,5,14
181564,5,5
180739,5,5
180673,5,5
179536,5,5
179254,5,5
179090,5,5
178783,5,5
178566,5,5
178249,5,5
178207,5,5
178151,5,5
177931,5,5
177372,5,5
177309,5,5
177121,5,6
177091,5,5
176618,5,7
176559,5,5
176543,5,5
176507,5,6
176465,5,6
176451,5,5
175467,5,5
175334,5,5
175326,5,5
175261,5,5
175226,5,5
175221,5,5
175216,5,5
175211,5,5
174376,5,5
174344,5,5
174311,5,5
174025,5,5
173954,5,5
173749,5,5
172928,5,5
171991,5,10
171520,5,5
171325,5,5
171181,5,5
170440,5,5
170181,5,5
169740,5,5
169494,5,8
168880,5,12
168620,5,5
168510,5,5
168387,5,5
168172,5,5
168165,5,5
167721,5,5
167385,5,5
166661,5,5
166334,5,5
166087,5,5
166057,5,5
166009,5,5
165927,5,5
165667,5,5
165396,5,5
165160,5,5
165081,5,5
164708,5,5
164533,5,5
164513,5,5
164012,5,5
163528,5,5
163461,5,6
163088,5,7
263906,4,4
263704,4,4
263686,4,4
263418,4,4
263362,4,4
263350,4,4
263241,4,4
262947,4,4
261818,4,4
261564,4,4
261559,4,4
261550,4,4
261515,4,4
261381,4,4
261289,4,4
260947,4,4
260772,4,4
260719,4,4
260655,4,4
260345,4,4
260289,4,4
260169,4,4
260040,4,4
259987,4,4
259909,4,4
259628,4,4
259601,4,4
259415,4,4
259303,4,4
259298,4,4
259294,4,4
259273,4,4
259269,4,4
259262,4,4
259256,4,4
259253,4,4
259250,4,4
259247,4,4
259245,4,4
259238,4,4
259236,4,4
259224,4,4
259221,4,4
259210,4,4
259207,4,4
259196,4,4
259189,4,4
259188,4,4
259176,4,4
259163,4,4
259161,4,4
259150,4,4
259146,4,4
259142,4,4
259019,4,4
258933,4,4
258888,4,5
258863,4,4
258358,4,4
257642,4,8
257135,4,4
257131,4,4
256890,4,7
256572,4,4
256292,4,4
256222,4,4
256132,4,4
256121,4,4
255789,4,4
255379,4,4
255365,4,4
255326,4,4
255261,4,4
255230,4,4
255011,4,4
254927,4,4
254890,4,4
254816,4,4
254208,4,4
254141,4,4
253888,4,4
253879,4,4
252927,4,4
252785,4,4
252555,4,4
252541,4,4
252475,4,4
252466,4,4
252419,4,4
252379,4,4
252326,4,4
252049,4,4
251988,4,4
251846,4,4
251429,4,4
251244,4,5
251216,4,8
251133,4,6
250916,4,4
250391,4,4
250345,4,4
250257,4,4
250248,4,4
250131,4,4
250063,4,4
249991,4,4
249986,4,4
249837,4,5
249509,4,4
249301,4,4
249255,4,4
249025,4,4
248998,4,4
248964,4,4
248486,4,4
248414,4,4
248408,4,4
248396,4,4
248287,4,8
248279,4,4
247937,4,10
247717,4,4
247564,4,5
247215,4,4
247053,4,4
246928,4,4
246882,4,4
246689,4,4
246299,4,4
246254,4,12
246134,4,4
246054,4,4
245893,4,4
245663,4,4
245641,4,4
245550,4,4
245384,4,4
245358,4,4
245199,4,5
245182,4,4
245148,4,4
245136,4,4
245122,4,5
244929,4,4
244827,4,4
244826,4,4
244701,4,4
244375,4,4
244329,4,4
244139,4,4
243420,4,4
243319,4,4
243257,4,4
243142,4,4
242938,4,4
242784,4,4
242761,4,4
242758,4,4
242754,4,4
242715,4,4
242648,4,4
242633,4,4
242620,4,4
242603,4,4
242525,4,4
242369,4,5
242349,4,4
242312,4,4
242265,4,4
242163,4,4
242027,4,4
241667,4,4
241564,4,4
241494,4,4
241262,4,4
241163,4,4
241143,4,4
241030,4,4
240560,4,4
240553,4,4
240548,4,4
240504,4,4
240313,4,6
240163,4,4
240108,4,4
239993,4,4
239558,4,4
239530,4,4
239519,4,4
239498,4,4
239478,4,7
239417,4,4
239149,4,4
238574,4,4
238231,4,4
238089,4,4
237872,4,4
237825,4,4
237822,4,4
237669,4,4
237626,4,4
237554,4,4
237429,4,4
236949,4,4
236898,4,4
236778,4,4
236770,4,4
236513,4,4
236431,4,4
236043,4,4
235999,4,4
235648,4,4
235401,4,4
235339,4,4
235137,4,4
235126,4,4
235120,4,4
234922,4,4
234833,4,4
234810,4,4
234740,4,4
234714,4,4
234691,4,4
234661,4,4
234641,4,4
234478,4,4
234199,4,4
233759,4,4
233730,4,4
233164,4,4
232861,4,7
232854,4,4
232844,4,4
232783,4,4
232507,4,4
232353,4,6
232315,4,4
232211,4,6
232161,4,4
232051,4,4
231851,4,4
231814,4,4
231595,4,4
231594,4,4
231575,4,4
231572,4,4
231555,4,4
231552,4,4
231547,4,4
231525,4,5
231412,4,4
231407,4,4
231332,4,4
231258,4,4
231237,4,4
230649,4,4
230490,4,4
230419,4,4
230375,4,4
230313,4,4
229971,4,4
229917,4,4
229710,4,4
229647,4,4
229644,4,5
229524,4,4
229285,4,4
228966,4,4
228888,4,4
228868,4,4
228760,4,4
228744,4,4
228533,4,6
228232,4,5
228146,4,4
227788,4,4
227614,4,4
227595,4,4
227565,4,5
227392,4,4
227346,4,4
227329,4,4
227280,4,4
227241,4,4
226979,4,4
226802,4,4
226325,4,4
226248,4,4
226168,4,4
226149,4,11
226104,4,4
226048,4,4
225727,4,4
225634,4,4
225364,4,4
225314,4,4
225234,4,5
225142,4,4
225013,4,4
224881,4,4
224798,4,4
224704,4,4
224425,4,4
224293,4,6
224268,4,4
224248,4,4
224207,4,9
224131,4,4
224024,4,4
224002,4,4
223704,4,4
223508,4,4
223504,4,4
223291,4,4
223170,4,4
222742,4,4
222483,4,4
222327,4,4
222223,4,6
222106,4,4
222067,4,4
222020,4,5
221897,4,4
221803,4,4
221690,4,5
221552,4,4
221497,4,4
221332,4,4
221321,4,4
221315,4,4
221313,4,4
221298,4,4
221289,4,4
221280,4,4
221266,4,4
221258,4,4
221123,4,4
221070,4,4
221007,4,6
221005,4,6
220994,4,4
220934,4,4
220449,4,4
220444,4,4
220141,4,9
220110,4,4
220072,4,5
219952,4,4
219950,4,5
219902,4,5
219753,4,4
219720,4,4
219717,4,4
219504,4,8
219397,4,4
219388,4,4
219266,4,4
218840,4,4
218103,4,7
218042,4,6
218024,4,6
217852,4,4
217701,4,4
217520,4,4
217364,4,4
217341,4,4
217338,4,16
217314,4,5
217239,4,4
217187,4,4
216871,4,4
216823,4,4
216807,4,4
216724,4,4
216530,4,4
216528,4,4
216363,4,4
216244,4,4
216239,4,4
216125,4,5
216006,4,4
215782,4,4
215662,4,4
215547,4,4
215017,4,4
215010,4,4
214964,4,4
214501,4,4
214389,4,4
214366,4,6
214200,4,4
214000,4,4
213944,4,4
213500,4,4
213495,4,4
213491,4,4
213145,4,7
213137,4,4
212776,4,4
212719,4,4
212524,4,4
212516,4,4
212488,4,4
212133,4,4
212072,4,4
211751,4,4
211646,4,4
211606,4,4
211536,4,4
211228,4,4
211015,4,7
210904,4,5
210484,4,4
210324,4,4
210181,4,4
209838,4,4
209783,4,4
209460,4,4
209454,4,4
209150,4,4
209117,4,4
208939,4,4
208930,4,4
208924,4,4
208634,4,4
208616,4,4
208499,4,4
208451,4,4
208439,4,4
208435,4,4
208222,4,4
207998,4,4
207572,4,4
207517,4,4
206965,4,4
206660,4,7
206656,4,4
206646,4,4
206595,4,4
206307,4,4
206144,4,6
206086,4,4
206005,4,6
205961,4,4
205844,4,4
205630,4,4
205609,4,4
205319,4,5
205200,4,4
205153,4,4
205124,4,4
205055,4,4
205005,4,4
204446,4,4
204276,4,4
204210,4,4
204153,4,4
204109,4,4
203754,4,4
203701,4,4
203485,4,4
203426,4,5
203421,4,4
203311,4,4
203063,4,4
202730,4,4
202653,4,4
202624,4,4
202544,4,4
202524,4,4
202278,4,6
202012,4,5
201929,4,4
201561,4,4
201367,4,4
201366,4,4
201334,4,5
201114,4,4
201053,4,4
201022,4,4
200851,4,4
200739,4,4
200567,4,4
200091,4,4
200012,4,4
199946,4,4
199919,4,11
199876,4,4
199831,4,4
199492,4,4
199403,4,4
199075,4,4
199062,4,4
198984,4,5
198892,4,4
198634,4,4
198475,4,4
198385,4,4
198192,4,4
198068,4,6
198016,4,4
197993,4,4
197952,4,9
197886,4,4
197788,4,4
197766,4,4
197470,4,4
197272,4,4
197268,4,4
197057,4,4
196938,4,4
196516,4,4
196223,4,4
196094,4,4
195987,4,6
195864,4,4
195838,4,4
195794,4,5
195662,4,4
195572,4,4
195447,4,5
195310,4,4
195250,4,4
195239,4,4
194882,4,4
194819,4,4
194760,4,6
194754,4,6
194746,4,4
194686,4,4
194179,4,4
194176,4,4
193878,4,9
193824,4,5
193705,4,5
193694,4,4
193653,4,5
193262,4,8
193156,4,4
193144,4,4
193015,4,4
191853,4,7
191787,4,6
191770,4,6
191601,4,4
191453,4,4
191267,4,4
191121,4,4
191106,4,4
191101,4,16
191076,4,5
190987,4,4
190928,4,4
190558,4,4
190542,4,4
190440,4,4
190277,4,4
190274,4,4
190121,4,4
189980,4,4
189976,4,4
189859,4,5
189508,4,4
189373,4,4
189293,4,4
188777,4,4
188758,4,4
188712,4,4
188239,4,4
188195,4,4
188126,4,4
188106,4,6
187921,4,4
187743,4,4
187689,4,4
187263,4,4
187251,4,4
187246,4,4
186908,4,7
186898,4,4
186528,4,4
186489,4,4
186341,4,4
186272,4,4
186266,4,4
186252,4,4
186232,4,4
185868,4,4
185811,4,4
185485,4,4
185383,4,4
185276,4,4
184945,4,4
184798,4,4
184743,4,7
184628,4,5
183132,4,4
183102,4,5
183058,4,5
183014,4,8
183008,4,4
182862,4,4
182852,4,4
182580,4,4
181531,4,4
181254,4,4
181190,4,4
181070,4,4
180952,4,4
180793,4,4
180511,4,4
180472,4,4
180461,4,4
180242,4,4
179835,4,4
179780,4,4
179519,4,4
179338,4,5
179006,4,4
178798,4,4
178603,4,4
178558,4,4
178553,4,4
178513,4,4
178363,4,4
178254,4,5
178229,4,4
178178,4,4
178156,4,6
178055,4,4
178046,4,4
177917,4,4
177722,4,4
177718,4,4
177226,4,4
177133,4,4
177105,4,4
176974,4,4
176799,4,4
176772,4,4
176767,4,4
176399,4,4
176217,4,4
175895,4,4
175779,4,4
175772,4,4
175729,4,4
175723,4,4
175707,4,4
175571,4,4
175322,4,4
175316,4,4
175112,4,4
174988,4,4
174969,4,4
174916,4,4
174908,4,4
174851,4,4
174720,4,4
174612,4,5
174496,4,4
174437,4,4
174425,4,8
174268,4,4
174213,4,6
174030,4,4
173950,4,4
173754,4,4
173745,4,4
173665,4,4
173472,4,4
173415,4,4
173411,4,4
173406,4,4
173181,4,4
173129,4,4
173028,4,15
172905,4,4
172280,4,5
172157,4,4
172001,4,4
171944,4,4
171641,4,4
171590,4,7
171537,4,4
171350,4,4
171225,4,4
171140,4,4
171094,4,4
171059,4,4
171028,4,4
170431,4,4
170427,4,4
170412,4,4
170360,4,14
170158,4,4
169962,4,4
169891,4,4
169880,4,4
169841,4,4
169736,4,4
169475,4,4
169336,4,7
169036,4,4
168968,4,4
168773,4,11
168695,4,4
168676,4,4
168634,4,4
168467,4,4
168285,4,4
168116,4,4
168048,4,4
168021,4,4
167866,4,4
167854,4,4
167806,4,4
167695,4,4
167638,4,4
167529,4,4
167426,4,4
167417,4,4
166960,4,4
166827,4,4
166724,4,4
166208,4,4
166119,4,4
166040,4,4
165990,4,4
165918,4,4
165910,4,4
165866,4,4
165702,4,4
165686,4,4
165681,4,4
165604,4,4
165555,4,4
165552,4,4
165537,4,4
165449,4,4
165317,4,4
165308,4,4
165276,4,4
165264,4,4
165248,4,4
164761,4,4
164726,4,4
164689,4,4
164658,4,4
164608,4,5
164508,4,4
164504,4,4
164424,4,4
164300,4,4
164295,4,4
164287,4,4
164161,4,4
164037,4,22
164033,4,4
163898,4,4
163892,4,4
163857,4,4
163847,4,4
163842,4,4
163832,4,4
163827,4,4
163814,4,4
163743,4,4
163712,4,8
163707,4,4
163500,4,4
163468,4,4
163274,4,4
163110,4,4
163095,4,7
163075,4,4
163011,4,5
162840,4,4
162795,4,4
264040,3,3
263811,3,3
263803,3,3
263799,3,3
263756,3,3
263695,3,3
263666,3,5
263615,3,3
263429,3,3
263426,3,3
263425,3,91
263403,3,3
263387,3,3
263359,3,18
263355,3,3
263346,3,3
263284,3,3
263256,3,3
263252,3,3
263235,3,3
263234,3,3
263030,3,4
263011,3,3
262993,3,3
262957,3,3
262941,3,3
262938,3,3
262934,3,3
262912,3,3
262900,3,3
261827,3,3
261808,3,3
261764,3,3
261694,3,3
261689,3,3
261602,3,3
261578,3,3
261480,3,3
261464,3,3
261305,3,3
261286,3,3
261279,3,5
261053,3,3
260970,3,3
260936,3,3
260887,3,3
260884,3,3
260807,3,3
260777,3,3
260639,3,3
260495,3,3
260406,3,3
260401,3,3
260359,3,3
260353,3,3
260129,3,3
260030,3,3
260022,3,7
259983,3,3
259976,3,3
259851,3,3
259804,3,3
259765,3,3
259734,3,4
259512,3,3
259490,3,3
259478,3,3
259438,3,3
259429,3,3
259411,3,3
259397,3,3
259302,3,3
259289,3,3
259285,3,3
259283,3,3
259281,3,3
259276,3,3
259227,3,3
259222,3,3
259213,3,3
259202,3,3
259198,3,3
259178,3,3
259174,3,3
259173,3,3
259169,3,3
259153,3,3
259151,3,3
258856,3,3
258853,3,3
258848,3,3
258821,3,3
258615,3,3
258608,3,3
258553,3,3
258526,3,3
258471,3,3
258225,3,3
258178,3,3
258058,3,3
258044,3,3
258037,3,3
258005,3,3
257991,3,3
257882,3,3
257872,3,3
257866,3,3
257863,3,3
257769,3,3
257618,3,4
257473,3,3
257434,3,3
257361,3,3
257306,3,9
257151,3,55
256965,3,53
256817,3,3
256723,3,3
256715,3,3
256681,3,5
256507,3,4
256461,3,4
256457,3,4
256428,3,3
256409,3,3
256125,3,3
256103,3,3
256019,3,16
255919,3,3
255813,3,3
255812,3,3
255794,3,3
255758,3,3
255754,3,3
255750,3,3
255746,3,3
255629,3,3
255556,3,3
255424,3,3
255411,3,3
255368,3,5
255282,3,3
255167,3,3
255163,3,3
255036,3,3
254928,3,3
254763,3,3
254692,3,3
254575,3,3
254568,3,3
254565,3,3
254526,3,3
254482,3,3
254373,3,3
254353,3,3
254343,3,3
254324,3,3
254075,3,3
254001,3,3
253839,3,3
253798,3,3
253792,3,3
253561,3,3
253487,3,3
253330,3,3
253249,3,3
253146,3,3
253137,3,3
252924,3,3
252908,3,3
252905,3,3
252733,3,3
252723,3,9
252674,3,3
252671,3,3
252668,3,3
252550,3,3
252549,3,3
252350,3,3
252235,3,5
252066,3,3
252031,3,3
252024,3,3
252014,3,3
251980,3,3
251956,3,3
251765,3,8
251694,3,3
251532,3,3
251523,3,3
251491,3,3
251488,3,3
251441,3,3
251416,3,3
251400,3,3
251109,3,6
251105,3,3
251045,3,3
251000,3,3
250908,3,3
250679,3,3
250594,3,3
250460,3,3
250437,3,3
250288,3,3
250269,3,3
250241,3,3
250224,3,3
250220,3,3
250140,3,3
250111,3,3
250091,3,3
250021,3,3
249912,3,3
249848,3,3
249819,3,3
249514,3,3
249505,3,3
249498,3,3
249492,3,3
249333,3,3
249328,3,3
249226,3,3
249197,3,3
249137,3,3
249122,3,3
249093,3,3
249042,3,3
248985,3,3
248898,3,3
248892,3,3
248839,3,3
248821,3,3
248644,3,3
248595,3,3
248570,3,3
248566,3,3
248335,3,3
248239,3,3
248139,3,3
248083,3,3
248064,3,3
248053,3,3
248033,3,3
247954,3,3
247921,3,3
247893,3,3
247626,3,3
247413,3,3
247274,3,3
247271,3,3
247123,3,3
247086,3,3
247048,3,3
247023,3,3
246923,3,3
246914,3,3
246821,3,3
246813,3,4
246811,3,3
246806,3,3
246701,3,3
246587,3,3
246583,3,3
246392,3,3
246294,3,3
246208,3,3
246048,3,3
246044,3,3
246001,3,3
245892,3,3
245888,3,3
245828,3,3
245815,3,3
245692,3,3
245667,3,3
245630,3,3
245626,3,3
245526,3,3
245523,3,3
245359,3,3
245349,3,3
245333,3,3
245329,3,3
245298,3,3
245295,3,3
245220,3,3
245204,3,3
245104,3,3
245101,3,3
245086,3,3
245004,3,3
244925,3,3
244879,3,3
244683,3,3
244612,3,3
244602,3,3
244596,3,3
244585,3,3
244576,3,3
244568,3,3
244564,3,3
244558,3,3
244537,3,3
244465,3,3
244462,3,3
244390,3,3
244366,3,3
244362,3,3
244141,3,3
243890,3,3
243821,3,3
243800,3,3
243731,3,3
243525,3,3
243522,3,3
243469,3,36
243463,3,3
243427,3,4
243403,3,3
243390,3,3
243272,3,3
243226,3,3
243212,3,3
243196,3,3
243153,3,12
243066,3,3
242797,3,4
242760,3,3
242742,3,3
242737,3,3
242644,3,3
242629,3,3
242546,3,3
242543,3,3
242539,3,3
242507,3,3
242357,3,3
242343,3,3
242339,3,3
242333,3,3
242323,3,3
242187,3,4
242031,3,3
241859,3,3
241848,3,3
241793,3,3
241783,3,4
241740,3,3
241619,3,3
241516,3,3
241479,3,3
241138,3,3
240929,3,3
240928,3,3
240450,3,3
240360,3,3
240279,3,3
240198,3,3
240185,3,3
240104,3,3
240095,3,3
239787,3,3
239591,3,3
239554,3,3
239547,3,3
239536,3,3
239526,3,3
239515,3,3
239438,3,3
239340,3,3
239068,3,3
239038,3,3
238946,3,3
238672,3,3
238632,3,3
238459,3,3
238419,3,3
238393,3,3
238328,3,3
238307,3,14
238290,3,3
238189,3,3
238136,3,3
238133,3,3
238124,3,3
238051,3,3
238041,3,3
238019,3,3
237857,3,3
237845,3,3
237801,3,3
237718,3,3
237703,3,3
237582,3,3
237527,3,3
237340,3,3
237309,3,3
237305,3,3
237133,3,3
237057,3,3
236987,3,3
236983,3,3
236814,3,40
236753,3,3
236709,3,3
236692,3,3
236675,3,3
236663,3,3
236660,3,3
236573,3,3
236568,3,3
236529,3,4
236414,3,3
236156,3,3
236040,3,3
236026,3,9
235764,3,3
235734,3,3
235623,3,3
235589,3,3
235459,3,3
235455,3,3
235264,3,3
235202,3,3
235190,3,3
234960,3,3
234950,3,3
234901,3,3
234888,3,3
234861,3,3
234819,3,3
234735,3,3
234724,3,3
234653,3,10
234648,3,5
234535,3,3
234300,3,3
234092,3,3
234014,3,3
234007,3,3
234000,3,3
233983,3,3
233817,3,5
233799,3,4
233627,3,3
233619,3,3
233597,3,3
233306,3,3
233303,3,3
233189,3,3
233009,3,3
232991,3,3
232934,3,3
232884,3,10
232793,3,3
232640,3,3
232509,3,3
232479,3,4
232387,3,3
232368,3,3
232344,3,4
232310,3,3
232295,3,3
232260,3,3
232217,3,5
232131,3,3
232015,3,3
231956,3,3
231946,3,3
231944,3,3
231932,3,3
231911,3,3
231856,3,9
231820,3,3
231813,3,3
231563,3,3
231557,3,3
231518,3,3
231497,3,3
231470,3,3
231401,3,3
231361,3,3
231356,3,3
231354,3,3
231327,3,3
231251,3,3
231241,3,3
231234,3,3
231111,3,3
231077,3,3
230872,3,3
230658,3,3
230499,3,3
230308,3,3
230228,3,3
230144,3,3
230029,3,3
230016,3,3
229920,3,3
229886,3,3
229881,3,3
229852,3,3
229845,3,3
229843,3,3
229717,3,3
229570,3,3
229454,3,3
229432,3,3
229275,3,3
229164,3,4
229162,3,3
229140,3,3
229137,3,3
229017,3,3
228947,3,4
228939,3,3
228935,3,3
228921,3,3
228884,3,3
228882,3,3
228849,3,3
228832,3,3
228826,3,3
228754,3,3
228735,3,3
228732,3,3
228694,3,3
228462,3,3
228201,3,3
228011,3,3
227940,3,3
227808,3,3
227636,3,3
227627,3,3
227464,3,3
227415,3,3
227401,3,3
227396,3,3
227382,3,3
227374,3,3
227323,3,3
227255,3,3
227171,3,3
227043,3,3
227035,3,3
227026,3,3
227007,3,3
226993,3,3
226987,3,3
226953,3,3
226935,3,3
226925,3,3
226735,3,3
226716,3,3
226645,3,3
226586,3,3
226331,3,3
226288,3,4
226286,3,4
226278,3,4
226256,3,7
226140,3,3
226094,3,3
225974,3,3
225950,3,3
225947,3,3
225944,3,3
225744,3,3
225676,3,3
225578,3,3
225498,3,3
225391,3,3
225321,3,4
225267,3,3
225258,3,3
225195,3,3
225171,3,3
225164,3,3
225103,3,3
225100,3,3
225093,3,3
225060,3,3
224874,3,3
224863,3,3
224817,3,3
224745,3,3
224652,3,3
224647,3,4
224642,3,3
224639,3,3
224636,3,3
224633,3,3
224499,3,3
224495,3,3
224491,3,3
224486,3,3
224483,3,3
224479,3,3
224476,3,3
224470,3,3
224467,3,3
224464,3,3
224428,3,3
224418,3,3
224348,3,3
224319,3,3
224272,3,3
224269,3,3
224258,3,3
224169,3,3
224109,3,3
223981,3,3
223944,3,3
223942,3,3
223731,3,3
223461,3,3
223444,3,3
223424,3,3
223391,3,3
223388,3,3
223309,3,3
223280,3,3
223139,3,3
222924,3,3
222909,3,3
222850,3,3
222845,3,4
222841,3,3
222821,3,3
222803,3,3
222767,3,3
222756,3,3
222746,3,4
222738,3,3
222642,3,3
222616,3,3
222525,3,3
222518,3,3
222515,3,3
222509,3,3
222500,3,3
222490,3,3
222486,3,3
222475,3,3
222436,3,3
222385,3,3
222382,3,3
222368,3,3
222345,3,3
222311,3,3
222299,3,3
222249,3,3
222247,3,3
222165,3,3
222093,3,3
222050,3,3
222042,3,3
221993,3,3
221978,3,3
221792,3,3
221763,3,3
221759,3,3
221716,3,3
221503,3,5
221331,3,3
221330,3,3
221328,3,3
221326,3,3
221322,3,3
221302,3,3
221301,3,3
221295,3,3
221288,3,3
221278,3,3
221268,3,3
221264,3,3
221261,3,3
221253,3,3
221247,3,3
221243,3,3
221139,3,3
220991,3,3
220979,3,3
220931,3,3
220835,3,3
220823,3,3
220816,3,3
220809,3,3
220805,3,3
220491,3,3
220178,3,3
220163,3,3
220117,3,3
220087,3,3
220082,3,3
220040,3,3
219937,3,3
219891,3,4
219854,3,3
219755,3,3
219754,3,3
219747,3,3
219724,3,3
219697,3,3
219695,3,3
219668,3,3
219655,3,3
219623,3,3
219567,3,3
219564,3,3
219559,3,3
219396,3,3
219392,3,3
219287,3,3
219237,3,3
219191,3,3
219183,3,3
218878,3,3
218846,3,3
218712,3,3
218656,3,3
218632,3,3
218562,3,3
218452,3,3
218449,3,3
218446,3,3
218443,3,3
218239,3,3
218219,3,3
218206,3,10
218194,3,3
218190,3,3
218116,3,3
217992,3,5
217859,3,3
217828,3,3
217794,3,4
217790,3,4
217777,3,3
217776,3,3
217769,3,3
217757,3,3
217744,3,3
217742,3,3
217731,3,3
217724,3,3
217678,3,3
217616,3,4
217330,3,3
217297,3,3
217181,3,10
217031,3,3
216975,3,3
216970,3,3
216941,3,3
216886,3,3
216503,3,3
216366,3,3
216360,3,3
216334,3,3
215913,3,3
215878,3,3
215709,3,3
215693,3,3
215624,3,3
215621,3,3
215564,3,3
215536,3,8
215529,3,3
215516,3,3
215051,3,97
214485,3,3
214414,3,3
214400,3,3
214257,3,3
214255,3,3
213981,3,3
213957,3,3
213821,3,5
213772,3,3
213762,3,3
213569,3,3
213565,3,3
213477,3,3
213465,3,3
213444,3,3
213442,3,3
213418,3,3
213388,3,3
213362,3,3
213356,3,3
213336,3,3
213040,3,3
212834,3,3
212696,3,3
212680,3,3
212592,3,3
212574,3,3
212509,3,3
212396,3,3
212395,3,3
212392,3,3
212316,3,3
212239,3,4
212167,3,4
212150,3,3
211892,3,3
211872,3,3
211819,3,3
211760,3,3
211529,3,3
211514,3,3
211455,3,3
211438,3,3
211429,3,4
211353,3,3
211306,3,3
211301,3,3
211142,3,3
211114,3,3
211047,3,3
211039,3,3
211036,3,3
210951,3,3
210942,3,3
210892,3,3
210885,3,3
210830,3,3
210823,3,3
210821,3,3
210628,3,3
210622,3,3
210609,3,3
210586,3,3
210461,3,3
210394,3,3
210330,3,3
210247,3,3
210241,3,3
210234,3,3
210195,3,3
209964,3,3
209847,3,3
209831,3,9
209554,3,3
209528,3,3
209396,3,3
209375,3,3
209269,3,3
209200,3,3
209071,3,3
208764,3,3
208756,3,3
208694,3,3
208678,3,3
208661,3,3
208620,3,3
208458,3,10
208449,3,5
208280,3,3
208111,3,3
207889,3,3
207818,3,3
207811,3,3
207794,3,3
207787,3,3
207623,3,5
207611,3,4
207432,3,3
207419,3,3
207401,3,3
207109,3,3
207106,3,3
206987,3,3
206812,3,3
206804,3,3
206737,3,3
206695,3,10
206610,3,3
206446,3,3
206303,3,3
206275,3,4
206176,3,3
206166,3,3
206138,3,4
206053,3,3
206011,3,5
205928,3,3
205805,3,3
205753,3,3
205640,3,9
205606,3,3
205308,3,3
205288,3,3
205262,3,3
205203,3,3
205149,3,3
205145,3,3
205142,3,3
205119,3,3
205033,3,3
205032,3,3
204996,3,3
204884,3,3
204855,3,3
204651,3,3
204467,3,3
204287,3,3
204100,3,3
204012,3,3
203813,3,3
203806,3,3
203709,3,3
203667,3,3
203664,3,3
203634,3,3
203628,3,3
203624,3,3
203501,3,3
203344,3,3
203215,3,3
203177,3,3
203068,3,3
202939,3,3
202932,3,3
202926,3,4
202920,3,3
202810,3,3
202718,3,4
202715,3,3
202706,3,3
202689,3,3
202657,3,3
202649,3,3
202607,3,3
202601,3,3
202540,3,3
202475,3,3
202189,3,3
201983,3,3
201787,3,3
201724,3,3
201577,3,3
201410,3,3
201399,3,3
201238,3,3
201158,3,3
201108,3,3
200942,3,3
200792,3,3
200749,3,3
200715,3,3
200688,3,3
200500,3,3
200485,3,3
200426,3,3
200414,3,3
200344,3,3
200102,3,3
200023,3,7
199908,3,3
199871,3,3
199690,3,3
199686,3,3
199679,3,3
199517,3,3
199445,3,3
199348,3,3
199261,3,3
199154,3,3
199068,3,4
199022,3,3
199013,3,3
198941,3,3
198914,3,3
198907,3,3
198850,3,3
198846,3,3
198805,3,3
198796,3,3
198624,3,3
198617,3,3
198505,3,3
198501,3,3
198411,3,3
198404,3,4
198400,3,3
198393,3,3
198266,3,3
198262,3,3
198258,3,3
198254,3,3
198250,3,3
198246,3,3
198242,3,3
198238,3,3
198234,3,3
198230,3,3
198226,3,3
198196,3,3
198182,3,3
198173,3,3
198109,3,3
198058,3,3
198012,3,3
198005,3,3
197974,3,3
197923,3,3
197861,3,3
197745,3,3
197708,3,3
197704,3,3
197510,3,3
197222,3,3
197204,3,3
197184,3,3
197152,3,3
197144,3,3
197082,3,3
197046,3,3
196687,3,3
196630,3,3
196626,3,4
196621,3,3
196601,3,3
196577,3,3
196574,3,3
196531,3,3
196520,3,4
196513,3,3
196410,3,3
196371,3,3
196290,3,3
196276,3,3
196272,3,3
196267,3,3
196257,3,3
196252,3,3
196249,3,3
196241,3,3
196195,3,3
196156,3,3
196153,3,3
196136,3,3
196111,3,3
196085,3,3
196070,3,3
196017,3,3
196012,3,3
195822,3,3
195760,3,3
195746,3,3
195711,3,3
195546,3,3
195529,3,3
195524,3,3
195256,3,5
194900,3,3
194734,3,3
194725,3,3
194602,3,3
194594,3,3
194586,3,3
194579,3,3
194349,3,3
194230,3,3
193908,3,3
193901,3,3
193831,3,3
193688,3,3
193640,3,4
193605,3,3
193420,3,3
193403,3,3
193372,3,3
193324,3,3
193321,3,3
193318,3,3
193153,3,3
193148,3,3
193023,3,3
192944,3,3
192936,3,3
192598,3,3
192478,3,3
192469,3,3
192408,3,3
192379,3,3
192312,3,3
192198,3,3
192195,3,3
192184,3,3
192179,3,3
191986,3,3
191966,3,3
191950,3,10
191943,3,3
191939,3,3
191865,3,3
191738,3,5
191603,3,3
191573,3,3
191543,3,3
191537,3,4
191531,3,4
191524,3,3
191518,3,3
191507,3,3
191499,3,3
191497,3,3
191482,3,3
191472,3,3
191429,3,3
191370,3,4
191053,3,3
191045,3,3
190933,3,10
190780,3,3
190735,3,3
190724,3,3
190628,3,3
190624,3,3
190250,3,3
190077,3,3
190072,3,3
189751,3,3
189632,3,3
189600,3,3
189430,3,3
189415,3,3
189285,3,8
189280,3,3
189264,3,3
188783,3,97
188211,3,3
188149,3,3
188136,3,3
187998,3,3
187723,3,3
187701,3,3
187562,3,5
187513,3,3
187497,3,3
187318,3,3
187314,3,3
187238,3,3
187226,3,3
187211,3,3
187183,3,3
187182,3,3
187153,3,3
187108,3,3
187105,3,3
187083,3,3
186776,3,3
186564,3,3
186465,3,3
186446,3,3
186350,3,3
186334,3,3
186262,3,3
186059,3,3
185984,3,4
185914,3,4
185890,3,3
185630,3,3
185607,3,3
185550,3,3
185490,3,3
185254,3,3
185199,3,3
185179,3,3
185122,3,3
185049,3,4
185036,3,3
185024,3,3
184852,3,3
184777,3,3
184773,3,3
184763,3,3
184677,3,3
184674,3,3
184617,3,3
184612,3,3
184558,3,3
184553,3,3
184545,3,3
184327,3,3
184304,3,3
184281,3,3
184235,3,3
184021,3,3
184015,3,3
184011,3,3
183996,3,3
183974,3,3
183947,3,3
183918,3,3
183870,3,3
183656,3,3
183301,3,3
183295,3,3
183107,3,3
183094,3,3
182983,3,3
182898,3,3
182878,3,3
182838,3,3
182835,3,3
182833,3,3
182829,3,3
182594,3,3
182345,3,3
182290,3,3
182214,3,3
182203,3,3
182188,3,3
181620,3,3
181574,3,3
181560,3,3
181402,3,6
181289,3,3
181272,3,3
181200,3,3
181176,3,3
181151,3,3
181136,3,3
181129,3,3
181119,3,3
181114,3,3
181090,3,3
180823,3,3
180702,3,3
180669,3,3
180565,3,3
180561,3,3
180552,3,3
180450,3,3
180399,3,3
180300,3,3
180293,3,3
180290,3,3
180171,3,3
180057,3,4
179985,3,3
179981,3,3
179955,3,3
179949,3,3
179928,3,3
179923,3,3
179905,3,3
179883,3,3
179866,3,3
179816,3,3
179802,3,3
179797,3,3
179667,3,3
179612,3,3
179532,3,3
179529,3,3
179526,3,3
179484,3,3
179377,3,3
179274,3,3
179163,3,3
179151,3,3
179020,3,3
178962,3,3
178754,3,3
178631,3,3
178591,3,3
178482,3,3
178479,3,3
178476,3,3
178469,3,3
178464,3,3
178409,3,3
178051,3,3
177910,3,3
177891,3,4
177849,3,3
177751,3,3
177680,3,3
177525,3,3
177492,3,3
177487,3,3
177424,3,3
177271,3,3
177232,3,4
177218,3,3
177209,3,3
177190,3,3
177146,3,3
177117,3,3
177097,3,3
177092,3,3
177080,3,3
176928,3,3
176868,3,3
176747,3,3
176659,3,7
176280,3,3
176259,3,3
176241,3,3
176030,3,3
175988,3,3
175942,3,3
175704,3,3
175590,3,3
175579,3,3
175558,3,3
175457,3,3
175398,3,3
175377,3,3
175349,3,3
175341,3,4
175309,3,3
175300,3,3
175173,3,3
175122,3,27
174963,3,3
174897,3,3
174827,3,3
174811,3,3
174806,3,3
174800,3,3
174628,3,3
174422,3,3
174373,3,3
174360,3,3
174292,3,3
174204,3,3
174120,3,3
174116,3,3
174097,3,3
174084,3,3
174022,3,3
173850,3,3
173797,3,3
173580,3,3
173571,3,3
173537,3,3
173523,3,3
173450,3,3
173265,3,3
173229,3,3
173148,3,3
173133,3,3
173009,3,3
172901,3,3
172721,3,3
172625,3,8
172618,3,3
172306,3,3
172275,3,3
172112,3,3
171941,3,3
171925,3,3
171746,3,3
171727,3,3
171657,3,3
171650,3,3
171646,3,3
171579,3,4
171468,3,3
171440,3,3
171338,3,4
171333,3,3
171038,3,3
170987,3,3
170839,3,3
170810,3,3
170799,3,3
170781,3,8
170669,3,3
170607,3,4
170435,3,3
170316,3,3
170281,3,3
170266,3,3
170256,3,3
170251,3,3
170157,3,3
169831,3,3
169753,3,3
169731,3,3
169715,3,3
169658,3,3
169635,3,3
169629,3,3
169556,3,3
169515,3,3
169508,3,3
169331,3,3
169328,3,3
169283,3,3
169226,3,3
169085,3,6
168907,3,3
168866,3,3
168864,3,9
168856,3,3
168850,3,5
168515,3,3
168435,3,3
168418,3,3
168302,3,3
168282,3,3
168263,3,3
168141,3,3
168139,3,4
168060,3,3
167950,3,3
167912,3,3
167861,3,5
167740,3,3
167708,3,3
167660,3,3
167563,3,3
167402,3,3
167368,3,3
167315,3,8
167188,3,9
166823,3,3
166792,3,3
166669,3,3
166658,3,3
166655,3,3
166621,3,3
166576,3,3
166386,3,3
166379,3,3
166320,3,3
166112,3,3
166025,3,5
166001,3,6
165980,3,3
165974,3,3
165954,3,7
165890,3,3
165756,3,3
165695,3,3
165664,3,3
165652,3,3
165622,3,3
165603,3,3
165436,3,3
165401,3,3
165350,3,3
165338,3,3
165323,3,3
165282,3,3
165270,3,3
165209,3,11
165200,3,6
165023,3,3
164943,3,3
164653,3,3
164650,3,3
164621,3,3
164599,3,3
164545,3,4
164462,3,3
164459,3,3
164434,3,3
164406,3,3
164283,3,3
164221,3,3
164019,3,3
164016,3,3
163853,3,3
163828,3,3
163823,3,3
163818,3,3
163810,3,3
163739,3,3
163703,3,3
163618,3,3
163614,3,3
163606,3,3
163458,3,3
163454,3,3
163430,3,3
163292,3,3
163137,3,3
163127,3,3
163104,3,6
163017,3,6
162909,3,3
162794,3,3
162683,3,3
263925,2,2
263816,2,2
263694,2,2
263691,2,2
263674,2,2
263664,2,3
263661,2,2
263660,2,3
263657,2,2
263654,2,2
263652,2,2
263651,2,2
263648,2,2
263579,2,2
263569,2,2
263446,2,2
263412,2,2
263407,2,2
263397,2,2
263385,2,2
263343,2,2
263302,2,2
263282,2,2
263226,2,2
263213,2,2
263207,2,2
263195,2,2
263145,2,2
263141,2,2
263139,2,2
263116,2,2
263115,2,2
263111,2,2
263109,2,2
263099,2,2
263091,2,2
263085,2,2
263081,2,2
263060,2,2
263037,2,2
263035,2,2
262999,2,2
262997,2,2
262967,2,2
262952,2,2
262931,2,2
262903,2,2
261859,2,2
261847,2,2
261836,2,2
261834,2,2
261833,2,2
261831,2,2
261795,2,2
261793,2,2
261782,2,2
261761,2,2
261755,2,2
261692,2,2
261678,2,2
261605,2,2
261569,2,2
261459,2,2
261456,2,2
261455,2,2
261453,2,2
261451,2,2
261448,2,2
261447,2,2
261444,2,2
261443,2,2
261442,2,2
261440,2,2
261438,2,2
261434,2,2
261433,2,2
261415,2,2
261385,2,2
261320,2,2
261298,2,2
261259,2,9
261250,2,2
261187,2,2
261163,2,2
261095,2,2
261091,2,2
261060,2,2
261005,2,2
261001,2,2
260995,2,2
260993,2,2
260990,2,2
260988,2,2
260986,2,2
260860,2,2
260695,2,2
260693,2,2
260682,2,2
260674,2,2
260668,2,2
260663,2,2
260659,2,2
260647,2,2
260493,2,3
260485,2,2
260410,2,2
260404,2,2
260378,2,2
260377,2,2
260363,2,2
260357,2,2
260318,2,2
260312,2,2
260286,2,2
260281,2,2
260278,2,2
260276,2,2
260255,2,2
260253,2,2
260252,2,2
260235,2,2
260233,2,2
260230,2,2
260228,2,2
260222,2,2
260220,2,2
260218,2,2
260216,2,2
260187,2,2
260183,2,2
260161,2,2
260157,2,2
260155,2,2
260153,2,2
260149,2,2
260147,2,2
260143,2,2
260137,2,2
260135,2,2
260124,2,2
260121,2,2
260119,2,2
260117,2,2
260115,2,2
260103,2,2
260101,2,2
260099,2,2
260096,2,2
260093,2,2
260091,2,2
260089,2,2
260082,2,2
260080,2,2
260078,2,2
260076,2,2
260068,2,2
260064,2,2
260061,2,2
260058,2,2
260048,2,2
260045,2,2
260018,2,2
260009,2,2
260000,2,3
259979,2,2
259955,2,2
259952,2,2
259947,2,2
259938,2,2
259858,2,2
259842,2,2
259795,2,2
259768,2,2
259763,2,2
259760,2,2
259729,2,2
259711,2,2
259700,2,2
259698,2,2
259696,2,2
259680,2,2
259654,2,2
259648,2,31
259610,2,2
259576,2,3
259519,2,2
259509,2,2
259500,2,2
259498,2,2
259496,2,2
259456,2,2
259435,2,18
259433,2,2
259395,2,2
259390,2,2
259320,2,2
259274,2,2
259233,2,2
259204,2,2
259183,2,2
259157,2,2
259143,2,2
259126,2,2
259102,2,2
259097,2,2
259033,2,2
258997,2,2
258986,2,2
258939,2,2
258937,2,2
258912,2,2
258904,2,2
258901,2,2
258899,2,2
258885,2,2
258883,2,2
258880,2,2
258869,2,2
258860,2,2
258855,2,2
258792,2,2
258726,2,2
258710,2,2
258707,2,2
258675,2,2
258672,2,2
258662,2,2
258655,2,2
258637,2,2
258633,2,2
258629,2,2
258625,2,2
258622,2,3
258619,2,2
258598,2,2
258590,2,2
258579,2,2
258547,2,2
258537,2,3
258534,2,2
258521,2,2
258511,2,2
258482,2,2
258435,2,2
258426,2,2
258422,2,2
258367,2,4
258364,2,2
258356,2,2
258342,2,2
258330,2,2
258239,2,2
258229,2,3
258218,2,2
258215,2,2
258213,2,2
258190,2,2
258183,2,2
258181,2,2
258169,2,2
258167,2,2
258165,2,2
258163,2,2
258161,2,2
258156,2,2
258152,2,2
258144,2,2
258136,2,2
258133,2,2
258114,2,2
258075,2,3
258072,2,2
258067,2,2
258041,2,2
258034,2,2
258032,2,2
257958,2,2
257952,2,2
257933,2,3
257920,2,2
257888,2,2
257886,2,2
257836,2,2
257834,2,2
257830,2,2
257813,2,2
257790,2,2
257752,2,2
257739,2,2
257735,2,2
257727,2,2
257718,2,2
257686,2,2
257614,2,2
257612,2,2
257610,2,2
257608,2,2
257514,2,2
257465,2,2
257431,2,2
257397,2,2
257366,2,2
257310,2,2
257139,2,2
257067,2,2
257012,2,2
257007,2,2
257002,2,2
256988,2,2
256975,2,2
256952,2,2
256950,2,2
256921,2,2
256861,2,2
256846,2,2
256844,2,2
256842,2,2
256821,2,2
256809,2,2
256807,2,2
256722,2,2
256713,2,2
256702,2,2
256688,2,2
256655,2,2
256518,2,3
256494,2,2
256447,2,3
256407,2,2
256405,2,2
256401,2,2
256399,2,2
256396,2,2
256380,2,2
256288,2,2
256280,2,2
256178,2,2
256130,2,2
256099,2,8
256097,2,2
256059,2,2
255923,2,2
255876,2,2
255846,2,2
255844,2,2
255828,2,2
255770,2,2
255744,2,2
255728,2,2
255700,2,2
255649,2,2
255643,2,2
255637,2,2
255626,2,2
255618,2,2
255579,2,2
255573,2,2
255553,2,2
255535,2,2
255529,2,2
255521,2,2
255509,2,2
255507,2,2
255500,2,2
255498,2,2
255476,2,6
255471,2,2
255467,2,2
255459,2,2
255457,2,2
255455,2,2
255453,2,2
255451,2,2
255433,2,2
255431,2,2
255370,2,2
255363,2,48
255361,2,2
255359,2,2
255336,2,2
255258,2,2
255256,2,2
255251,2,2
255239,2,2
255234,2,5
255225,2,2
255222,2,2
255220,2,2
255215,2,2
255125,2,2
255122,2,2
255115,2,2
255109,2,2
255102,2,2
254997,2,2
254995,2,2
254993,2,2
254990,2,2
254943,2,2
254941,2,2
254902,2,2
254886,2,2
254884,2,2
254877,2,2
254870,2,5
254830,2,2
254820,2,2
254808,2,2
254794,2,2
254702,2,2
254700,2,2
254698,2,2
254695,2,2
254689,2,2
254671,2,2
254630,2,2
254611,2,2
254606,2,3
254595,2,2
254592,2,2
254535,2,2
254455,2,2
254426,2,2
254422,2,2
254360,2,2
254302,2,2
254210,2,2
254198,2,2
254194,2,2
254191,2,2
254187,2,2
254184,2,2
254183,2,2
254181,2,2
254168,2,2
254145,2,2
254123,2,10
254104,2,2
254060,2,2
254040,2,2
254034,2,2
254032,2,2
254003,2,2
253910,2,2
253893,2,2
253883,2,4
253874,2,2
253869,2,2
253759,2,11
253668,2,2
253527,2,2
253489,2,2
253485,2,2
253483,2,2
253480,2,2
253440,2,2
253427,2,2
253418,2,2
253389,2,2
253380,2,2
253376,2,2
253341,2,2
253321,2,2
253319,2,2
253292,2,2
253290,2,2
253277,2,2
253243,2,2
253229,2,2
253227,2,2
253198,2,2
253196,2,2
253193,2,2
253191,2,2
253163,2,2
253140,2,2
253058,2,2
253054,2,2
253052,2,2
253050,2,2
253048,2,2
253046,2,2
253044,2,2
253042,2,2
253040,2,2
253038,2,2
253036,2,2
253034,2,2
253032,2,2
253030,2,2
253026,2,2
253024,2,2
253021,2,2
253018,2,2
253015,2,2
253013,2,2
253011,2,2
253003,2,2
252997,2,2
252994,2,2
252991,2,2
252988,2,2
252986,2,2
252984,2,2
252982,2,2
252949,2,2
252932,2,2
252849,2,2
252844,2,2
252768,2,2
252764,2,2
252743,2,2
252703,2,2
252701,2,2
252699,2,2
252697,2,2
252695,2,2
252693,2,2
252691,2,2
252686,2,2
252679,2,2
252677,2,2
252666,2,2
252663,2,2
252661,2,2
252652,2,2
252607,2,2
252600,2,2
252594,2,2
252568,2,2
252556,2,2
252539,2,2
252522,2,2
252508,2,2
252471,2,2
252438,2,2
252423,2,2
252416,2,2
252396,2,2
252393,2,2
252383,2,2
252367,2,2
252323,2,2
252310,2,2
252284,2,2
252282,2,2
252280,2,2
252277,2,2
252258,2,2
252227,2,2
252225,2,2
252223,2,2
252220,2,2
252205,2,12
252185,2,2
252183,2,2
252111,2,2
252091,2,2
252089,2,2
252083,2,2
252074,2,2
252056,2,2
252053,2,2
252034,2,2
252029,2,2
252012,2,2
251995,2,2
251993,2,2
251982,2,2
251972,2,2
251963,2,2
251954,2,2
251934,2,2
251931,2,2
251923,2,5
251796,2,2
251767,2,2
251734,2,2
251732,2,2
251727,2,2
251717,2,2
251702,2,2
251698,2,2
251696,2,2
251690,2,2
251684,2,2
251682,2,2
251680,2,2
251678,2,2
251676,2,2
251674,2,2
251672,2,2
251670,2,2
251668,2,2
251666,2,2
251664,2,2
251662,2,2
251660,2,2
251658,2,2
251656,2,2
251654,2,2
251652,2,2
251650,2,2
251648,2,2
251646,2,2
251644,2,2
251642,2,2
251639,2,2
251637,2,2
251634,2,2
251632,2,2
251630,2,2
251628,2,2
251625,2,2
251623,2,2
251621,2,2
251617,2,2
251615,2,2
251613,2,2
251610,2,2
251608,2,2
251606,2,2
251602,2,2
251599,2,2
251595,2,2
251593,2,2
251584,2,2
251582,2,2
251577,2,2
251575,2,2
251573,2,2
251571,2,2
251569,2,2
251566,2,2
251552,2,2
251531,2,2
251526,2,2
251520,2,2
251484,2,2
251462,2,2
251436,2,2
251402,2,2
251396,2,2
251372,2,2
251369,2,2
251366,2,8
251364,2,2
251333,2,2
251330,2,2
251314,2,2
251283,2,2
251271,2,2
251265,2,2
251184,2,2
251161,2,3
251157,2,3
251117,2,2
251077,2,2
251006,2,2
250998,2,2
250946,2,2
250944,2,2
250906,2,2
250801,2,2
250788,2,2
250785,2,2
250777,2,2
250773,2,6
250763,2,2
250761,2,2
250743,2,16
250715,2,2
250713,2,2
250689,2,6
250669,2,2
250664,2,2
250661,2,2
250645,2,2
250643,2,2
250641,2,2
250639,2,2
250637,2,2
250628,2,2
250611,2,3
250574,2,2
250570,2,2
250538,2,5
250529,2,2
250496,2,2
250485,2,2
250481,2,2
250479,2,2
250477,2,2
250474,2,2
250456,2,2
250366,2,2
250351,2,2
250320,2,2
250318,2,2
250316,2,2
250314,2,2
250312,2,2
250305,2,2
250285,2,2
250265,2,2
250252,2,2
250234,2,2
250218,2,2
250215,2,2
250213,2,2
250208,2,2
250202,2,2
250200,2,2
250194,2,2
250092,2,2
250085,2,2
250066,2,2
250006,2,2
249967,2,2
249954,2,2
249910,2,2
249867,2,2
249846,2,2
249833,2,2
249831,2,2
249829,2,2
249822,2,2
249766,2,2
249753,2,2
249751,2,2
249742,2,6
249629,2,2
249519,2,2
249502,2,2
249482,2,2
249397,2,6
249392,2,2
249336,2,2
249324,2,2
249320,2,2
249296,2,2
249292,2,2
249267,2,5
249245,2,2
249229,2,2
249175,2,2
249173,2,2
249170,2,2
249160,2,2
249153,2,2
249141,2,9
249116,2,2
249091,2,2
249055,2,2
249053,2,2
249051,2,2
249049,2,2
249039,2,2
249036,2,2
249016,2,2
249013,2,2
249012,2,2
249002,2,2
248997,2,2
248974,2,2
248940,2,2
248930,2,2
248920,2,2
248917,2,2
248864,2,2
248849,2,2
248825,2,2
248810,2,2
248808,2,2
248784,2,2
248777,2,2
248681,2,2
248679,2,2
248641,2,2
248620,2,2
248608,2,2
248603,2,2
248522,2,2
248517,2,2
248500,2,2
248471,2,4
248453,2,2
248451,2,2
248446,2,2
248398,2,2
248372,2,2
248314,2,2
248285,2,2
248283,2,2
248274,2,5
248270,2,2
248235,2,2
248231,2,2
248206,2,2
248198,2,2
248189,2,2
248125,2,2
248119,2,2
248116,2,2
248111,2,2
248077,2,2
248062,2,2
248027,2,2
248024,2,2
247941,2,2
247938,2,2
247934,2,2
247931,2,2
247929,2,2
247904,2,2
247898,2,2
247890,2,2
247888,2,2
247736,2,2
247730,2,2
247724,2,2
247722,2,2
247669,2,5
247636,2,2
247634,2,2
247620,2,5
247618,2,2
247616,2,2
247614,2,2
247612,2,2
247610,2,2
247608,2,2
247607,2,2
247556,2,2
247472,2,2
247423,2,2
247409,2,2
247401,2,2
247398,2,2
247396,2,2
247394,2,2
247390,2,2
247388,2,2
247384,2,2
247381,2,2
247377,2,2
247373,2,2
247371,2,2
247369,2,2
247366,2,2
247364,2,2
247349,2,2
247335,2,2
247277,2,2
247249,2,2
247240,2,2
247166,2,2
247130,2,2
247093,2,2
247089,2,2
247082,2,2
247016,2,2
246983,2,2
246941,2,12
246933,2,2
246918,2,2
246864,2,2
246819,2,2
246774,2,2
246758,2,2
246756,2,2
246754,2,2
246752,2,2
246750,2,2
246748,2,2
246746,2,2
246742,2,2
246731,2,2
246707,2,2
246668,2,2
246662,2,2
246618,2,2
246572,2,2
246566,2,2
246520,2,2
246459,2,2
246457,2,2
246431,2,2
246398,2,2
246395,2,2
246350,2,2
246347,2,2
246309,2,2
246305,2,2
246240,2,2
246230,2,2
246228,2,2
246157,2,2
246114,2,2
245992,2,2
245985,2,2
245907,2,5
245898,2,2
245802,2,2
245751,2,2
245504,2,2
245502,2,2
245500,2,2
245498,2,2
245496,2,2
245494,2,2
245492,2,2
245490,2,2
245488,2,2
245486,2,2
245484,2,2
245482,2,2
245480,2,2
245478,2,2
245476,2,2
245474,2,2
245472,2,2
245403,2,2
245243,2,2
245221,2,2
245217,2,2
245189,2,2
245165,2,2
245158,2,2
245134,2,6
245113,2,2
245081,2,2
245079,2,2
245072,2,2
245054,2,2
245052,2,2
244906,2,2
244893,2,2
244883,2,2
244846,2,2
244834,2,2
244817,2,2
244796,2,2
244784,2,2
244760,2,2
244755,2,2
244753,2,2
244747,2,2
244744,2,2
244742,2,2
244740,2,2
244736,2,2
244734,2,2
244729,2,2
244675,2,2
244673,2,2
244671,2,2
244669,2,2
244667,2,2
244665,2,2
244662,2,2
244658,2,2
244656,2,2
244580,2,2
244467,2,2
244369,2,2
244342,2,2
244340,2,2
244334,2,2
244298,2,2
244247,2,2
244198,2,2
244194,2,2
244067,2,2
244062,2,2
244044,2,8
243941,2,2
243931,2,2
243925,2,2
243923,2,2
243913,2,2
243896,2,2
243863,2,2
243859,2,2
243857,2,2
243855,2,2
243853,2,2
243851,2,2
243849,2,2
243847,2,2
243845,2,2
243834,2,2
243812,2,2
243757,2,2
243745,2,2
243741,2,2
243739,2,2
243728,2,2
243637,2,2
243635,2,2
243633,2,2
243627,2,2
243603,2,2
243593,2,3
243533,2,8
243508,2,2
243466,2,2
243453,2,2
243443,2,2
243425,2,2
243410,2,2
243399,2,2
243384,2,2
243370,2,2
243366,2,2
243361,2,2
243329,2,2
243326,2,2
243310,2,2
243305,2,2
243293,2,2
243235,2,2
243194,2,2
243193,2,2
243188,2,2
243168,2,2
243150,2,2
243149,2,2
243140,2,2
243135,2,2
243124,2,2
243115,2,2
243113,2,2
243111,2,2
243109,2,2
243107,2,2
243105,2,2
243103,2,2
243101,2,2
243094,2,2
243083,2,2
243078,2,2
243075,2,2
243063,2,2
243060,2,2
243058,2,2
243021,2,2
243019,2,2
243017,2,2
243015,2,2
243013,2,2
243011,2,2
243009,2,2
243007,2,2
243005,2,2
243003,2,2
243001,2,2
242999,2,2
242997,2,2
242995,2,2
242993,2,2
242990,2,2
242988,2,2
242979,2,2
242974,2,2
242971,2,2
242968,2,2
242943,2,2
242933,2,2
242927,2,2
242925,2,2
242923,2,2
242921,2,2
242919,2,2
242917,2,2
242915,2,2
242913,2,2
242911,2,2
242909,2,2
242907,2,2
242905,2,2
242903,2,2
242901,2,2
242899,2,2
242897,2,2
242892,2,2
242890,2,2
242886,2,2
242859,2,2
242846,2,2
242844,2,2
242841,2,2
242838,2,2
242835,2,2
242833,2,2
242831,2,2
242829,2,2
242827,2,2
242825,2,2
242823,2,2
242821,2,2
242819,2,2
242817,2,2
242815,2,2
242802,2,2
242782,2,2
242776,2,2
242766,2,2
242751,2,3
242734,2,2
242732,2,2
242712,2,2
242706,2,2
242690,2,9
242655,2,2
242641,2,2
242637,2,2
242626,2,2
242592,2,2
242591,2,2
242584,2,2
242578,2,2
242575,2,2
242570,2,2
242565,2,2
242561,2,2
242559,2,2
242556,2,2
242553,2,2
242535,2,3
242520,2,2
242518,2,2
242516,2,2
242505,2,2
242420,2,2
242375,2,2
242350,2,2
242336,2,2
242301,2,2
242262,2,2
242244,2,2
242195,2,2
242183,2,2
242168,2,2
242159,2,2
242151,2,2
242148,2,2
242146,2,2
242129,2,2
242124,2,2
242119,2,2
242117,2,2
241905,2,2
241834,2,2
241790,2,2
241755,2,2
241673,2,2
241640,2,2
241626,2,2
241616,2,2
241470,2,2
241414,2,2
241207,2,2
241202,2,5
241200,2,2
241117,2,2
241078,2,2
241062,2,2
241027,2,2
240984,2,2
240967,2,2
240832,2,2
240764,2,2
240762,2,2
240745,2,2
240675,2,2
240673,2,2
240671,2,2
240647,2,2
240639,2,2
240637,2,2
240575,2,2
240557,2,2
240538,2,2
240536,2,2
240529,2,2
240473,2,2
240464,2,2
240456,2,2
240454,2,2
240322,2,2
240320,2,2
240300,2,2
240284,2,13
240273,2,2
240247,2,2
240245,2,2
240235,2,2
240220,2,2
240219,2,3
240211,2,2
240192,2,2
240190,2,2
240188,2,2
240175,2,2
240097,2,2
240071,2,2
240064,2,2
240050,2,2
240048,2,2
239998,2,2
239990,2,2
239959,2,2
239950,2,2
239848,2,2
239831,2,2
239828,2,2
239661,2,2
239539,2,3
239523,2,2
239512,2,2
239509,2,2
239496,2,2
239466,2,2
239446,2,2
239413,2,2
239400,2,2
239322,2,2
239274,2,2
239268,2,2
239264,2,2
239202,2,5
239165,2,2
239157,2,2
239155,2,2
239133,2,2
239130,2,2
239000,2,2
238993,2,2
238987,2,2
238953,2,2
238944,2,2
238933,2,2
238926,2,2
238851,2,2
238572,2,2
238563,2,2
238561,2,2
238499,2,2
238471,2,2
238455,2,2
238414,2,2
238404,2,2
238402,2,2
238373,2,2
238357,2,2
238331,2,3
238326,2,2
238293,2,2
238263,2,2
238258,2,2
238245,2,2
238215,2,2
238210,2,2
238209,2,2
238206,2,2
238185,2,2
238120,2,2
238067,2,2
238055,2,2
238046,2,2
238030,2,2
238003,2,2
237906,2,2
237854,2,2
237836,2,2
237815,2,2
237794,2,2
237791,2,2
237787,2,2
237757,2,2
237743,2,2
237682,2,2
237655,2,2
237654,2,2
237647,2,2
237607,2,2
237522,2,4
237477,2,2
237475,2,2
237472,2,2
237431,2,2
237419,2,2
237398,2,2
237365,2,2
237319,2,2
237225,2,2
237215,2,2
237201,2,2
237179,2,3
237174,2,2
237172,2,2
237130,2,2
237097,2,3
237080,2,2
237043,2,2
237039,2,2
237036,2,2
236998,2,2
236992,2,2
236977,2,2
236975,2,2
236973,2,2
236971,2,2
236969,2,2
236967,2,2
236965,2,2
236954,2,2
236942,2,2
236938,2,2
236900,2,2
236769,2,2
236743,2,2
236686,2,3
236681,2,2
236657,2,2
236655,2,2
236641,2,2
236638,2,2
236625,2,2
236604,2,2
236594,2,2
236585,2,2
236564,2,2
236545,2,2
236508,2,2
236479,2,2
236450,2,2
236445,2,2
236443,2,2
236436,2,2
236425,2,2
236394,2,2
236388,2,2
236372,2,2
236363,2,2
236324,2,2
236022,2,2
236013,2,2
236008,2,2
236001,2,2
235965,2,30
235795,2,2
235748,2,2
235738,2,2
235676,2,2
235666,2,2
235663,2,2
235590,2,2
235583,2,2
235399,2,2
235334,2,2
235309,2,2
235279,2,2
235266,2,2
235262,2,2
235231,2,2
235099,2,2
235096,2,2
235092,2,2
235089,2,3
235086,2,2
235082,2,3
235079,2,4
235071,2,3
235064,2,2
235059,2,2
235053,2,2
235036,2,2
235021,2,2
235018,2,2
235007,2,3
235002,2,4
234990,2,2
234935,2,2
234915,2,2
234745,2,2
234731,2,2
234727,2,2
234726,2,2
234720,2,2
234718,2,2
234716,2,2
234676,2,2
234630,2,2
234626,2,2
234616,2,2
234593,2,2
234584,2,2
234569,2,4
234527,2,2
234473,2,2
234471,2,2
234461,2,3
234450,2,2
234447,2,2
234324,2,2
234294,2,2
234286,2,2
234285,2,4
234005,2,2
233985,2,3
233975,2,2
233973,2,2
233941,2,2
233803,2,2
233654,2,2
233638,2,2
233614,2,2
233601,2,2
233580,2,2
233523,2,2
233327,2,2
233301,2,2
233279,2,2
233276,2,2
233274,2,2
233272,2,2
233269,2,2
233266,2,2
233256,2,2
233226,2,2
233195,2,2
233177,2,2
233166,2,2
233165,2,2
233150,2,2
233087,2,2
233084,2,2
233077,2,2
233072,2,2
233069,2,2
233060,2,2
233045,2,2
232974,2,3
232960,2,4
232956,2,2
232942,2,2
232927,2,2
232926,2,2
232868,2,2
232806,2,2
232798,2,2
232796,2,2
232740,2,2
232712,2,2
232707,2,2
232696,2,19
232670,2,2
232643,2,2
232637,2,2
232634,2,2
232614,2,2
232586,2,2
232551,2,2
232537,2,2
232533,2,2
232513,2,2
232486,2,2
232436,2,4
232434,2,2
232394,2,2
232363,2,2
232361,2,2
232327,2,2
232302,2,2
232200,2,2
232189,2,2
232185,2,2
232172,2,2
232163,2,2
232117,2,2
232108,2,2
232107,2,2
232064,2,2
232056,2,2
232037,2,2
232035,2,2
232034,2,2
232031,2,2
231977,2,3
231976,2,2
231967,2,2
231964,2,2
231962,2,2
231960,2,2
231953,2,2
231926,2,2
231897,2,2
231885,2,2
231858,2,2
231837,2,2
231835,2,2
231833,2,2
231831,2,2
231829,2,2
231783,2,2
231781,2,2
231779,2,2
231738,2,2
231735,2,2
231588,2,2
231586,2,2
231581,2,2
231576,2,2
231573,2,2
231571,2,2
231567,2,2
231548,2,2
231540,2,2
231535,2,5
231523,2,2
231521,2,2
231520,2,2
231517,2,2
231494,2,2
231427,2,2
231405,2,2
231394,2,2
231330,2,2
231324,2,2
231298,2,2
231265,2,2
231243,2,2
231236,2,2
231219,2,6
231119,2,3
231102,2,2
231074,2,2
231051,2,3
231047,2,2
230945,2,2
230944,2,2
230938,2,2
230772,2,2
230715,2,2
230657,2,2
230578,2,2
230576,2,2
230562,2,2
230470,2,2
230373,2,2
230363,2,2
230354,2,2
230351,2,2
230348,2,2
230347,2,2
230345,2,2
230320,2,2
230307,2,2
230304,2,2
230302,2,2
230282,2,2
230210,2,2
230194,2,2
230186,2,2
230184,2,2
230183,2,2
230180,2,2
230135,2,2
229966,2,2
229963,2,2
229950,2,2
229948,2,2
229942,2,2
229938,2,2
229856,2,2
229849,2,2
229835,2,2
229814,2,3
229798,2,2
229794,2,2
229792,2,2
229790,2,2
229780,2,2
229753,2,2
229722,2,2
229548,2,2
229547,2,2
229537,2,2
229528,2,2
229484,2,2
229472,2,2
229452,2,2
229449,2,2
229336,2,2
229330,2,2
229302,2,2
229261,2,2
229183,2,2
229160,2,2
229122,2,26
229096,2,2
229032,2,2
229024,2,2
228979,2,2
228971,2,2
228953,2,2
228952,2,2
228951,2,2
228931,2,2
228930,2,2
228922,2,2
228920,2,2
228919,2,2
228917,2,2
228892,2,2
228889,2,5
228822,2,2
228774,2,2
228766,2,2
228758,2,2
228698,2,2
228663,2,2
228606,2,2
228596,2,2
228586,2,2
228546,2,2
228539,2,2
228537,2,2
228534,2,2
228438,2,2
228389,2,2
228350,2,6
228312,2,2
228311,2,2
228302,2,3
228294,2,2
228284,2,2
228259,2,5
228252,2,7
228215,2,2
228160,2,2
228088,2,2
228040,2,2
228038,2,2
228020,2,2
228015,2,2
228002,2,2
227987,2,3
227984,2,2
227980,2,2
227979,2,2
227953,2,2
227941,2,2
227938,2,3
227931,2,2
227828,2,2
227809,2,2
227704,2,2
227702,2,2
227701,2,2
227696,2,2
227694,2,2
227692,2,2
227686,2,2
227683,2,2
227682,2,2
227680,2,2
